{
  "data": [
    {
      "id": 1,
      "email": "george.bluth@reqres.in",
      "first_name": "George",
      "last_name": "Bluth",
      "avatar": "https://reqres.in/img/faces/1-image.jpg"
    },
    {
      "id": 2,
      "email": "janet.weaver@reqres.in",
      "first_name": "Janet",
      "last_name": "Weaver",
      "avatar": "https://reqres.in/img/faces/2-image.jpg"
    },
    {
      "id": 3,
      "email": "emma.wong@reqres.in",
      "first_name": "Emma",
      "last_name": "Wong",
      "avatar": "https://reqres.in/img/faces/3-image.jpg"
    },
    {
      "id": 4,
      "email": "eve.holt@reqres.in",
      "first_name": "Eve",
      "last_name": "Holt",
      "avatar": "https://reqres.in/img/faces/4-image.jpg"
    },
    {
      "id": 5,
      "email": "charles.morris@reqres.in",
      "first_name": "Charles",
      "last_name": "Morris",
      "avatar": "https://reqres.in/img/faces/5-image.jpg"
    },
    {
      "id": 6,
      "email": "tracey.ramos@reqres.in",
      "first_name": "Tracey",
      "last_name": "Ramos",
      "avatar": "https://reqres.in/img/faces/6-image.jpg"
    },
    {
      "id": 7,
      "email": "bet",
      "first_name": "be",
      "last_name": "bet",
      "avatar": "tbr"
    },
    {
      "id": 9,
      "email": "fsb",
      "first_name": "fxbfx",
      "last_name": "fbx",
      "avatar": "sfb"
    },
    {
      "id": 79449,
      "email": "bs",
      "first_name": "sbf",
      "last_name": "bsr",
      "avatar": "bsf"
    },
    {
      "id": 47334,
      "email": "fsb",
      "first_name": "sfab",
      "last_name": "bsfr",
      "avatar": "fsb"
    },
    {
      "id": 32766,
      "email": "fbs",
      "first_name": "fsbv",
      "last_name": "sfb",
      "avatar": "bsf"
    }
  ],
  "support": {
    "url": "https://reqres.in/#support-heading",
    "text": "To keep ReqRes free, contributions towards server costs are appreciated!"
  }
}